Datetime,Water Level (m)
2025-04-30 06:00:00,0.11987387
2025-04-30 07:00:00,0.60942394
2025-04-30 08:00:00,0.90966153
2025-04-30 09:00:00,1.0352246
2025-04-30 10:00:00,0.82908213
2025-04-30 11:00:00,0.5438647
2025-04-30 12:00:00,0.22624628
2025-04-30 13:00:00,-0.09034571
2025-04-30 14:00:00,-0.38668966
2025-04-30 15:00:00,-0.636018
2025-04-30 16:00:00,-0.70359254
2025-04-30 17:00:00,-0.3884772
2025-04-30 18:00:00,-0.05683693
2025-04-30 19:00:00,0.33704636
2025-04-30 20:00:00,0.6506969
2025-04-30 21:00:00,0.7239846
2025-04-30 22:00:00,0.5018872
2025-04-30 23:00:00,0.2454877
2025-05-01 00:00:00,-0.053531885
2025-05-01 01:00:00,-0.3382036
2025-05-01 02:00:00,-0.60500985
2025-05-01 03:00:00,-0.8272274
2025-05-01 04:00:00,-0.8591802
2025-05-01 05:00:00,-0.5478678
2025-05-01 06:00:00,-0.19578235
2025-05-01 07:00:00,0.25917995
2025-05-01 08:00:00,0.6927304
2025-05-01 09:00:00,0.96513844
2025-05-01 10:00:00,0.9680496
2025-05-01 11:00:00,0.7176991
2025-05-01 12:00:00,0.43189794
2025-05-01 13:00:00,0.11637455
2025-05-01 14:00:00,-0.18151672
2025-05-01 15:00:00,-0.44736308
2025-05-01 16:00:00,-0.64083374
2025-05-01 17:00:00,-0.5487498
2025-05-01 18:00:00,-0.2717041
2025-05-01 19:00:00,0.033297986
2025-05-01 20:00:00,0.36859015
2025-05-01 21:00:00,0.58807707
2025-05-01 22:00:00,0.5448667
2025-05-01 23:00:00,0.3318815
2025-05-02 00:00:00,0.078193255
2025-05-02 01:00:00,-0.18617645
2025-05-02 02:00:00,-0.44390106
2025-05-02 03:00:00,-0.67037445
2025-05-02 04:00:00,-0.82057405
2025-05-02 05:00:00,-0.6722274
2025-05-02 06:00:00,-0.38888422
2025-05-02 07:00:00,-0.022500837
2025-05-02 08:00:00,0.3922476
2025-05-02 09:00:00,0.7449102
2025-05-02 10:00:00,0.93463814
2025-05-02 11:00:00,0.8345732
2025-05-02 12:00:00,0.5855367
2025-05-02 13:00:00,0.31233746
2025-05-02 14:00:00,0.02253183
2025-05-02 15:00:00,-0.24519789
2025-05-02 16:00:00,-0.4691034
2025-05-02 17:00:00,-0.5899755
2025-05-02 18:00:00,-0.4298872
2025-05-02 19:00:00,-0.18885656
2025-05-02 20:00:00,0.099257864
2025-05-02 21:00:00,0.37410936
2025-05-02 22:00:00,0.5187754
2025-05-02 23:00:00,0.425459
2025-05-03 00:00:00,0.24431553
2025-05-03 01:00:00,0.012900866
2025-05-03 02:00:00,-0.21651797
2025-05-03 03:00:00,-0.43027613
2025-05-03 04:00:00,-0.6011741
2025-05-03 05:00:00,-0.6703973
2025-05-03 06:00:00,-0.46992412
2025-05-03 07:00:00,-0.20961095
2025-05-03 08:00:00,0.10036415
2025-05-03 09:00:00,0.47373945
2025-05-03 10:00:00,0.7367035
2025-05-03 11:00:00,0.84909064
2025-05-03 12:00:00,0.7123617
2025-05-03 13:00:00,0.49114302
2025-05-03 14:00:00,0.23732579
2025-05-03 15:00:00,-0.015598172
2025-05-03 16:00:00,-0.248103
2025-05-03 17:00:00,-0.43736798
2025-05-03 18:00:00,-0.5288502
2025-05-03 19:00:00,-0.39833966
2025-05-03 20:00:00,-0.19954929
2025-05-03 21:00:00,0.02711322
2025-05-03 22:00:00,0.23898956
2025-05-03 23:00:00,0.36890462
2025-05-04 00:00:00,0.33406705
2025-05-04 01:00:00,0.17556821
2025-05-04 02:00:00,-0.0065837116
2025-05-04 03:00:00,-0.19993047
2025-05-04 04:00:00,-0.37901184
2025-05-04 05:00:00,-0.512417
2025-05-04 06:00:00,-0.52897906
2025-05-04 07:00:00,-0.33978373
2025-05-04 08:00:00,-0.10773013
2025-05-04 09:00:00,0.17806664
2025-05-04 10:00:00,0.4661214
2025-05-04 11:00:00,0.6643676
2025-05-04 12:00:00,0.73058486
2025-05-04 13:00:00,0.6228127
2025-05-04 14:00:00,0.43850645
2025-05-04 15:00:00,0.21800299
2025-05-04 16:00:00,-0.010777439
2025-05-04 17:00:00,-0.22685598
2025-05-04 18:00:00,-0.40390816
2025-05-04 19:00:00,-0.514541
2025-05-04 20:00:00,-0.44720155
2025-05-04 21:00:00,-0.261792
2025-05-04 22:00:00,-0.05171898
2025-05-04 23:00:00,0.1631826
2025-05-05 00:00:00,0.32092956
2025-05-05 01:00:00,0.3633974
2025-05-05 02:00:00,0.26499847
2025-05-05 03:00:00,0.11070254
2025-05-05 04:00:00,-0.068939276
2025-05-05 05:00:00,-0.24343665
2025-05-05 06:00:00,-0.3897774
2025-05-05 07:00:00,-0.46157566
2025-05-05 08:00:00,-0.35062858
2025-05-05 09:00:00,-0.15089431
2025-05-05 10:00:00,0.09451453
2025-05-05 11:00:00,0.34804687
2025-05-05 12:00:00,0.5550462
2025-05-05 13:00:00,0.64211166
2025-05-05 14:00:00,0.60088027
2025-05-05 15:00:00,0.4426581
2025-05-05 16:00:00,0.24442263
2025-05-05 17:00:00,0.022680001
2025-05-05 18:00:00,-0.18884332
2025-05-05 19:00:00,-0.3809693
2025-05-05 20:00:00,-0.52321386
2025-05-05 21:00:00,-0.5510374
2025-05-05 22:00:00,-0.37511596
2025-05-05 23:00:00,-0.16588542
2025-05-06 00:00:00,0.0651452
2025-05-06 01:00:00,0.25922233
2025-05-06 02:00:00,0.3775778
2025-05-06 03:00:00,0.3668255
2025-05-06 04:00:00,0.22990306
2025-05-06 05:00:00,0.05647838
2025-05-06 06:00:00,-0.13061632
